DateTime,Title,Link,Description,PubDate
2026-10-07 18:51:19,"100엔=846원, 18년 만에 가장 싼 엔화…일본여행 적기?",https://n.news.naver.com/mnews/article/665/0000008313?sid=101,한국에선 인공지능(AI) 투자 확대에 따른 <b>반도체</b> 수출 호조로 달러 공급이 늘면서 원화 가치가 강해졌다. 7일 원ㆍ달러 환율은 오후 3시30분 기준 달러당 1340.40원을 기록했다. 반대로 엔화는 일본은행이 지난달... ,"Thu, 08 Oct 2026 03:24:00 +0900"
2026-10-07 18:51:19,"오산시 조용호 시장, &quot;세교3 자족시설 10만평→30만평 확대&quot;",http://www.metroseoul.co.kr/article/20261007500579,"이를 위해 현재 논의 중인 약 10만 평 규모의 자족시설 용지를 30만 평으로 확대하고, AI·<b>반도체</b> 등 첨단산업을 유치해 경기남부 <b>반도체</b> 산업과의 연계를 강화한다는 구상이다. 조 시장은 &quot;인구 증가에 맞춰 양질의... ","Thu, 08 Oct 2026 03:12:00 +0900"
2026-10-07 18:51:19,"계명대, 2차 공공기관 이전 촉구…“지역 산업·인재 연계해야”",http://www.metroseoul.co.kr/article/20261007500613,"AI와 로봇, 미래모빌리티, 헬스케어, <b>반도체</b> 등 미래 신산업과 수성알파시티, 국가로봇테스트필드, 모빌리티 모터 소부장 특화단지, 첨단의료복합단지 등 혁신 인프라도 제시했다. 계명대와 계명문화대, 양 대학 총학생회... ","Thu, 08 Oct 2026 03:10:00 +0900"
2026-10-07 18:51:19,[사설] 학업 중단 느는데 사유별 통계도 없다니,https://n.news.naver.com/mnews/article/666/0000126541?sid=110,"인천여자상업고와 인천<b>반도체</b>고도 각각 7.6%, 5.1%에 이른다. 제물포구 지역에서는 중학교 학업중단율도 0.6%다. 인천 평균(0.2%)의 3배 수준이다. 옛 중구 원도심 중학교는 0.7%, 옛 동구 원도심 중학교가 0.3%다. 특히... ","Thu, 08 Oct 2026 03:05:00 +0900"
2026-10-07 18:51:19,"'세계 200대 컬렉터'에 샤넬·아마존 회장,한국선 서경배·이서현·김웅...",https://www.newspim.com/news/view/20261008000002,우선 이서현 사장에 대해 아트뉴스는 '삼성가'의 컬렉션 창구를 맡고 있는 점과 함께 세계 <b>반도체</b>시장을... 2026.10.08 art29@newspim.com 아시아에서는 <b>반도체</b>및 전자부품 기업이 강세를 보이는 대만이 200대 컬렉터 중... ,"Thu, 08 Oct 2026 03:02:00 +0900"
2026-10-07 18:51:19,韓美日 등 15개국 ‘中 겨냥’ 과잉생산 공동대응…<b>반도체</b>·전기차 플랫...,https://n.news.naver.com/mnews/article/011/0004669222?sid=104,성명은 ▲자동차 및 전기차 ▲배터리 ▲화학제품 ▲범용 <b>반도체</b>(Foundational Semiconductors) ▲태양광 패널 등의 부문에서 현존하거나 향후 예상되는 구조적 과잉생산에 대해 우려를 표명했다. 문서는 “이런 분야의 구조적... ,"Thu, 08 Oct 2026 02:52:00 +0900"
2026-10-07 18:51:19,"김종민 의원, 산업통상부 AI풀스택 내년 예산 0원...실증 없어 해외수출...",https://www.newstnt.com/news/articleView.html?idxno=721963,"이게 국가 대항전이라&quot;며, ▲ 내년 예산에 AIDC 산단 최소 1곳 정도를 반영해 AI풀스택 유니콘 업체들이 연합해 들어갈 수 있는 일거리를 만들 것 ▲ 약속한 국산 <b>반도체</b> 우선구매 제도화의 진행 상황을 밝힐 것 ▲ 산단... ","Thu, 08 Oct 2026 02:30:00 +0900"
2026-10-07 18:51:19,"[심층분석] &quot;교실의 숨통을 틔우다&quot;…안민석 경기교육감, 취임 100일의 명...",https://www.suwonilbo.kr/view.html?id=L261008021417ddcb,"AI·<b>반도체</b> 교육 메카 조성부터 사교육비 반값 추진까지 갈 길은 멀고 산적한 현안은 무겁다. 하지만 교육을 행정의 무대가 아니라 사람과 문화의 공간으로 되돌리겠다는 철학이 실질적인 현장의 변화로 이어지려면, 남은... ","Thu, 08 Oct 2026 02:28:00 +0900"
2026-10-07 18:51:19,"유럽증시, 글로벌 국채 매도세 속에 일제히 하락… 은행주 3.3% 급락",https://www.newspim.com/news/view/20261008000012,네덜란드 <b>반도체</b> 장비업체 BE 세미컨덕터 인더스트리스(BESI)는 UBS가 하이브리드 본딩(hybrid bonding) 기술 채택 확대에 대한 위험을 이유로 투자 의견을 매수에서 매도로 하향 조정하면서 8.5% 급락했다. 영국 투자... ,"Thu, 08 Oct 2026 02:16:00 +0900"
2026-10-07 18:51:19,美 국채금리 상승에 증시 랠리 제동,https://www.g-enews.com/view.php?ud=202610072217393859a1f309431_1,장 초반 <b>반도체</b>와 대형 기술주가 압박을 받았다. 투자자들은 인플레이션 우려와 정부 재정에 대한 부담이 채권시장의 반등을 제한하는 상황을 주시하고 있다. 국채금리 상승이 주식시장의 부담으로 작용하면서 사상... ,"Thu, 08 Oct 2026 02:00:00 +0900"
2026-10-07 18:51:19,외국인 투자 ‘역대 최대’로 들어왔는데…새 공장·지방 투자는 왜 줄...,https://n.news.naver.com/mnews/article/081/0003686986?sid=102,5%↓…증액투자는 39%↑ 수도권 58%↑·비수도권 39%↓ ‘온도차’ AI 데이터센터·<b>반도체</b> 외국자금 유입 지속... 다만 <b>반도체</b> 소재·장비·패키징 등 첨단산업 분야 투자는 증가했습니다. 산업부는 대한민국 <b>반도체</b> 등... ,"Thu, 08 Oct 2026 01:58:00 +0900"
2026-10-07 18:51:19,전남광주 출범 100일…조직개편·정무부시장·감사위원회 체제 본격화,https://www.newsworker.co.kr/news/articleView.html?idxno=507667,"기존 3개 청사의 기능을 분담하고 <b>반도체</b>산업지원실과 균형발전실, 지역보건의료혁신본부, 시민주권본부 등을 신설한 것이 핵심이다. 관련 조직개편안은 지난달 18일 전남광주시의회에서 재석 의원 89명 가운데 찬성... ","Thu, 08 Oct 2026 01:46:00 +0900"
2026-10-07 18:51:19,"'라이다 칩' 솔리드뷰, 163억 시리즈C 투자 유치 [VC 브리핑]",https://n.news.naver.com/mnews/article/015/0005340342?sid=101,라이다(LiDAR) <b>반도체</b> 기업 솔리드뷰가 173억원 규모의 시리즈 C 투자를 유치했습니다. 솔리드뷰는 국내 유일의 라이다 센서 칩 기업입니다. 회사는 이번 투자를 통해 확보한 자금을 자율주행용 차세대 센서... ,"Thu, 08 Oct 2026 01:19:00 +0900"
2026-10-07 18:51:19,"치코에어텍, SEDEX 2026서 소형 집진기·집중집진 시스템 선보인다",https://www.woodkorea.co.kr/news/articleView.html?idxno=91731,소형 집진기 전문기업 치코에어텍(CHIKO AIRTEC)이 한국 법인 치코에어텍코리아를 통해 10월 14일부터 16일까지 서울 코엑스 Hall C·D에서 열리는 'SEDEX 2026(제28회 <b>반도체</b>대전)'에 참가한다. SEDEX 2026은 한국<b>반도체</b>산업협회... ,"Thu, 08 Oct 2026 01:18:00 +0900"
2026-10-07 18:51:19,"조용호 시장 “앞으로 1000일, 재정혁신·교통망 확충으로 오산 완성”",https://n.news.naver.com/mnews/article/022/0004164933?sid=102,"조 시장은 현재 논의 중인 약 10만평(33만㎡) 규모의 자족시설 용지를 30만평(99만㎡)까지 확대할 것을 관계 기관에 요구하고, 인공지능(AI) 및 <b>반도체</b> 기업을 유치해 경기남부 <b>반도체</b> 클러스터와 연계할 계획이다. 7일... ","Thu, 08 Oct 2026 01:13:00 +0900"
2026-10-07 18:51:19,AI 전력난 해법은 '뇌처럼 작동하는 <b>반도체</b>'…뉴로모픽 뜬다,https://n.news.naver.com/mnews/article/003/0014240343?sid=101,줄이는 '뉴로모픽 <b>반도체</b>'가 주목받고 있다. 지난 6일 구독자 50만명의 경제 유튜브 채널 '손에 잡히는 경제'에 출연한 정대성 포스텍 화학공학과 교수는 기존 <b>반도체</b>의 구조가 가지는 AI 시대의 한계와 뉴로모픽 기술의... ,"Thu, 08 Oct 2026 01:10:00 +0900"
2026-10-07 18:51:19,"DN솔루션즈, 하반기 신입 공채…미래 제조 인재 두 자릿수 뽑는다",https://www.apnews.kr/news/articleView.html?idxno=3051839,"<b>반도체</b>와 항공·우주, 자동차 등에서 제조혁신 수요가 커지는 가운데, 연구개발(R&amp;D)부터 생산·영업까지... 특히 <b>반도체</b>와 항공·우주, 자동차 등 핵심 산업에서 정밀가공과 생산 효율화를 비롯한 제조혁신 수요가... ","Thu, 08 Oct 2026 01:08:00 +0900"
2026-10-07 18:51:19,"BGF, 유통·엔프라·<b>반도체</b> 3대 부문 재편…&quot;지배구조 단순화&quot;",https://n.news.naver.com/mnews/article/629/0000540325?sid=101,"BGF에코머티리얼즈, KNW 보유 지분 전량 매입 BGF &quot;지주사 책임경영 강화해 <b>반도체</b> 소재 투자&quot; BGF 자회사인... KNW(<b>반도체</b> 소재) 총 3개 사업 부문으로 구성된다. 손자회사였던 KNW는 BGF의 자회사가 되고, 증손회사였던... ","Thu, 08 Oct 2026 01:06:00 +0900"
2026-10-07 18:51:19,[한국은 지금] 누리호 5차 발사 성공…‘5개의 눈’으로 한반도 관측,https://www.voakorea.com/a/korea-now-100726/8208747.html,기업들이 개발한 <b>반도체</b>와 우주 부품이 실제 우주에서 제대로 작동하는지도 검증합니다.진행자) 그런데 여기서 조금 헷갈릴 수 있을 것 같습니다. 큐브위성 여러 대를 함께 운용하면 그것도 군집위성이 되는 건가요?기자)... ,"Thu, 08 Oct 2026 00:58:00 +0900"
2026-10-07 18:51:19,"민선9기 조용호 오산시장, “현장에서 느낀 시민의 희망, 현실의 변화로...",https://www.kyeongin.com/article/1772182,"확충, <b>반도체</b>산단 확대 위해 뛸 것 약속 민선9기 오산시정의 100일이 흘렀다. 조용호 오산시장은 취임 100일을... 세교3지구 계획과 관련해서도 조 시장은 <b>반도체</b> 관련 기업들을 중심으로 한 산업단지 조성을 위해... ","Thu, 08 Oct 2026 00:54:00 +0900"
2026-10-07 18:51:19,"더 정교해진 누리호, 위성 14기 우주에 안착시켜",https://n.news.naver.com/mnews/article/023/0004002730?sid=105,"우주방사선 환경 측정, 또 국산 <b>반도체</b>와 우주부품이 우주 환경을 견디는지 시험도 한다. 민간, 제작 넘어 발사 운용까지 이번 발사는 민간이 발사 과정까지 주도한 첫 사례란 의미도 있다. 1~3차에서 항우연이... ","Thu, 08 Oct 2026 00:54:00 +0900"
2026-10-07 18:51:19,"AMD 리사 수, 삼전닉스 회동 잰걸음...&quot;장기적 협력&quot;",https://n.news.naver.com/mnews/article/052/0002416057?sid=101,AI <b>반도체</b> 시장에서 엔비디아의 대항마로 꼽히는 회사인 AMD의 리사 수 회장이 다시 7달 만에 한국을 찾았습니다. 국내 <b>반도체</b> 양대 기업인 삼성전자와 SK 하이닉스의 수장을 만났는데 중요 파트너로서 장기적 협력을... ,"Thu, 08 Oct 2026 00:53:00 +0900"
2026-10-07 18:51:19,10년간 1000조 투입 ‘녹색 대전환’ 나선다,https://n.news.naver.com/mnews/article/023/0004002729?sid=101,"정부는 먼저 철강, 석유화학, 시멘트, <b>반도체</b>·디스플레이, 정유 등 온실가스가 많이 배출되는 5대 업종의 주요 공정을 탈탄소 공정으로 바꾸고 친환경 연료·원료 활용을 늘리기로 했다. 정부는 이를 위해 2035년까지... ","Thu, 08 Oct 2026 00:52:00 +0900"
2026-10-07 18:51:19,&quot;삼전닉스만큼 성과급 달라&quot;…마이크론 노조 99% 파업 찬성,https://n.news.naver.com/mnews/article/215/0001268499?sid=101,미국 메모리 <b>반도체</b> 회사 마이크론 테크놀로지의 대만 현지 노조가 99%의 찬성률로 파업권을 확보했다. 7일... 이들은 삼성전자와 SK하이닉스 등 주요 메모리 <b>반도체</b> 기업들이 회사 이익과 실적에 연동한 성과급 제도를... ,"Thu, 08 Oct 2026 00:49:00 +0900"
2026-10-07 18:51:19,역대 최다 위성 안착...군집위성 시대 열었다,https://n.news.naver.com/mnews/article/052/0002416056?sid=105,"큐브위성들은 치매 치료제 연구부터 레이저 통신, AI와 <b>반도체</b> 기술까지 우주 환경에서 다양한 실험과 검증 임무를 수행하게 됩니다. 4차 발사와 비교했을 때 가장 큰 차이점은 역대 가장 많은 15기의 위성을 실어 탑재... ","Thu, 08 Oct 2026 00:48:00 +0900"
2026-10-07 18:51:19,"민노총, 노사정 대화 복귀 무산… 반대파에 표결 막혀",https://n.news.naver.com/mnews/article/023/0004002717?sid=102,"그동안 양 위원장은 “정부의 AI·<b>반도체</b> 중심 산업 정책 등에 민노총이 직접 개입해야 한다”며 사회적 대화 복귀를 계속 추진해왔다. 지난달 17일 중앙집행위원회 회의 때도 내부 반발로 결론을 내리지 못했지만, 당시... ","Thu, 08 Oct 2026 00:47:00 +0900"
2026-10-07 18:51:19,"삼성전자 ‘오늘 운명의 날’…사상 최대 실적 예상, 주가 향방은",https://www.kbmaeil.com/article/20261008500006,"실적을 끌어올린 일등공신은 <b>반도체</b>다. 범용 D램과 낸드 가격이 오르는 가운데 HBM4 출하까지 본격화하면서... <b>반도체</b> ETF 7종의 리밸런싱, 옵션 만기, 자사주 매입 종료다. 골드만삭스에 따르면 리밸런싱 대상 <b>반도체</b> ETF... ","Thu, 08 Oct 2026 00:36:00 +0900"
2026-10-07 18:51:19,“車·로봇 AI 고도화”… 빅테크 인재 모시는 현대차,https://n.news.naver.com/mnews/article/023/0004002668?sid=101,"여기서 그치지 않고 아틀라스를 <b>반도체</b>·조선·유통 등 다른 산업으로 확장·적용해야 하는데, 이번 인사는 AI로 이 문제에 대응하겠다는 메시지가 담겼다. 프라사드 CEO 역시 이날 취임 소감으로 “로보틱스의 적용... ","Thu, 08 Oct 2026 00:34:00 +0900"
2026-10-07 18:51:19,‘엔비디아 대항마’ AMD 리사 수 방한… 삼성·SK <b>반도체</b> 수장 만나 협...,https://n.news.naver.com/mnews/article/023/0004002669?sid=105,삼성과 파운드리 협력 가능성 거론 AI 칩·인프라 기업 13곳과 간담회 ‘엔비디아 대항마’로 꼽히는 미국 <b>반도체</b> 기업 AMD의 리사 수 회장 겸 최고경영자(CEO)가 7일 방한해 삼성과 SK의 <b>반도체</b> 수장을 만나 인공지능... ,"Thu, 08 Oct 2026 00:34:00 +0900"
2026-10-07 18:51:19,"연봉 8000만원 삼성 메모리 직원, 내년 성과급만 7억5000만원 받아",https://n.news.naver.com/mnews/article/023/0004002666?sid=105,3월 말~4월 초 자사주로 지급 삼성전자 <b>반도체</b> 사업을 담당하는 디바이스솔루션(DS) 부문의 특별 경영... 7일 <b>반도체</b> 업계에 따르면 삼성전자는 이날 DS 부문 임직원을 대상으로 특별 경영 성과급의 산정 방식과 지급... ,"Thu, 08 Oct 2026 00:33:00 +0900"
2026-10-07 18:51:19,박스권 갇힌 코스피… 왜 7000서 번번이 미끄러지나,https://n.news.naver.com/mnews/article/023/0004002664?sid=101,美 증시는 연일 뜨거운데… 3줄 요약 ㆍ외국인 투자자 9월 코스피 21조원 순매도 ㆍAI <b>반도체</b> 중 메모리... ◇메모리 기업 주가에 대한 의심 AI <b>반도체</b> 기업 안에서도 메모리와 비(非)메모리에 대한 평가가 나뉘고... ,"Thu, 08 Oct 2026 00:32:00 +0900"
2026-10-07 18:51:19,삼성전자 <b>반도체</b> 특별성과급 내년 3말4초 지급,https://n.news.naver.com/mnews/article/020/0003753511?sid=101,삼성전자가 <b>반도체</b>(DS) 부문의 특별성과급을 내년 3월 말∼4월 초 지급한다. 올해 DS부문 영업이익의 10.5% 규모를 재원으로 해 삼성전자 주식으로 지급할 예정이다. 7일 재계에 따르면 삼성전자 DS부문은 사내 공지를... ,"Thu, 08 Oct 2026 00:32:00 +0900"
2026-10-07 18:51:19,"해외IB, 韓성장률 3.5%로↑… 8곳 중 6곳 내년 전망치도↑",https://n.news.naver.com/mnews/article/020/0003753503?sid=101,최근 세계 국채 금리 및 에너지 가격 상승에도 <b>반도체</b> 수출 호조와 데이터센터 투자 등이 대외 충격을... <b>반도체</b> 수출 호황이 내년까지 이어질 가능성이 커지면서 IB들은 내년 경제 성장률도 상향 조정하고 있다.... ,"Thu, 08 Oct 2026 00:31:00 +0900"
2026-10-07 18:51:19,글로벌 빅테크 수장 잇단 방한… 韓과 ‘AI 협력’ 속도,https://n.news.naver.com/mnews/article/020/0003753504?sid=101,"(AI) <b>반도체</b> 스타트업을 두루 만났다. 수 CEO를 비롯해 젠슨 황 엔비디아 CEO, 샘 올트먼 오픈AI CEO 등 글로벌 빅테크 수장들의 방한이 이어지고 있다. AI <b>반도체</b> 경쟁이 칩 성능을 넘어 메모리 공급망 확보, AI 인프라... ","Thu, 08 Oct 2026 00:31:00 +0900"
2026-10-07 18:51:19,10년간 1220조원 '녹색 대전환'에 쏟아붓는다...철강·석화 등 5대업종 공...,https://n.news.naver.com/mnews/article/437/0000514622?sid=102,"철강과 석유화학, 시멘트, <b>반도체</b> 및 디스플레이 등 온실가스 다배출 업종의 주요 공정을 탈탄소 전환하고, 재생에너지와 원자력 산업을 집중 육성하는 한편, 자동차와 이륜차를 비롯한 모든 운송수단의 전동화에... ","Thu, 08 Oct 2026 00:31:00 +0900"
2026-10-07 18:51:19,"돌아본 100일, 가야할 3년 9개월... 최정호 익산시장 취임 성과 밝혀",https://www.newstnt.com/news/articleView.html?idxno=721959,공모사업·대규모 국가사업 익산시는 <b>반도체</b> 소재·화학 분야 소재·부품·장비 특화단지와 2027년 문화의 달 행사 등이 공모사업에 선정됐다. <b>반도체</b> 소재·부품·장비 특화단지는 산업 경쟁력과 공급 안정성을 높이고... ,"Thu, 08 Oct 2026 00:30:00 +0900"
2026-10-07 18:51:19,&quot;4분기에도 경기 훈풍 분다&quot;…회계사들 '<b>반도체</b>·조선' 지목,https://www.cbci.co.kr/news/articleView.html?idxno=613149,"DB 및 재판매 금지] 공인회계사들은 올해 4분기에도 <b>반도체</b> 수출 호조에 힘입어 경기 확장세가 지속될... 연구원은 <b>반도체</b>를 중심으로 한 수출, 생산, 투자 증가가 실물경기를 뒷받침했다고 분석했다. 7월... ","Thu, 08 Oct 2026 00:26:00 +0900"
2026-10-07 18:51:19,"[윤성민 칼럼] 알래스카 LNG로 시작된 對韓청구서, 결국은 <b>반도체</b>",https://n.news.naver.com/mnews/article/015/0005340340?sid=110,"1985년 9월 플라자합의와 1년 뒤 미·일 <b>반도체</b> 협정. 이 혹독한 경제 압박의 충격은 물리적 원폭에... 미·일 <b>반도체</b> 협정은 일본에 더 큰 후유증을 남겼다. 일본 <b>반도체</b> 기업들이 세계 D램 시장의 80%를 장악하고, 미국... ","Thu, 08 Oct 2026 00:26:00 +0900"
2026-10-07 18:51:19,엔비디아 날 때 삼전닉스 뒷걸음… 흔들린 서학개미 ‘미장 유턴’,https://n.news.naver.com/mnews/article/005/0001877421?sid=101,반면 미국 인공지능(AI) <b>반도체</b> 대장주 엔비디아는 최근 신고가를 갈아치우고 있다. 엔비디아는 6일... 인베스팅닷컴은 6일 두 종목이 ‘전반적인 <b>반도체</b>주 상승세에도 뒤처지고 있다’(lagging broader gains in chipmaking... ,"Thu, 08 Oct 2026 00:25:00 +0900"
2026-10-07 18:51:19,박영기 학장 “기술은 기본…<b>반도체</b> 인재 키워 호남 미래 이끌겠다”,https://www.sentv.co.kr/article/view/sentv202610080001,특히 전남광주에 대규모 <b>반도체</b> 클러스터 조성이 추진되면서 기술 인력 양성의 중요성도 커지고 있다. 박 학장은 <b>반도체</b> 산업의 성공을 위해서는 결국 현장에 투입할 인재를 얼마나 빠르게 양성하느냐가 중요하다고 보고... ,"Thu, 08 Oct 2026 00:22:00 +0900"
2026-10-07 18:51:19,"박용진 “부처간 꼬여있는 규제, 풀려면 ‘차르’ 필요”",https://n.news.naver.com/mnews/article/025/0003556488?sid=101,"그는 “최근 위원회에 들어온 민원”이라며 SK하이닉스가 조성 중인 용인 <b>반도체</b>라인 건설 현장 사례를 소개했다. 농지 위에 <b>반도체</b> 공장을 짓다 보니 건설 노동자들은 공장을 지을 때마다 임시 숙소를 짓고, 공장이... ","Thu, 08 Oct 2026 00:22:00 +0900"
2026-10-07 18:51:19,"[사설] 한미 관계, 어디가 어느 정도 나쁜지조차 모를 정도다",https://n.news.naver.com/mnews/article/023/0004002661?sid=110,"호남 <b>반도체</b> 부지인 광주 군 공항 이전을 두고도 한미 간 이견이 있다고 한다. 광주 기지는 한미가 함께 사용하는 공동운영기지(COB) 중 하나로, 전쟁이 일어나면 미 항공 전력이 전개되는 곳이다. 주한미군은 “우리는 광주... ","Thu, 08 Oct 2026 00:21:00 +0900"
2026-10-07 18:51:19,&quot;역시 미장이 답&quot;…서학개미 美주식 4개월만 2천억弗 재돌파,https://www.cbci.co.kr/news/articleView.html?idxno=613159,"현재 서학 개미들이 가장 많이 보유한 미국 주식은 테슬라(221억 달러), 엔비디아(192억 달러), 알파벳(89억 달러) 순이며, 미국 <b>반도체</b> 지수를 3배로 추종하는 레버리지 ETF인 '속슬'(SOXL)과 나스닥100 지수를... ","Thu, 08 Oct 2026 00:20:00 +0900"
2026-10-07 18:51:19,"리사 수 “<b>반도체</b>는 팀 스포츠”… AMD, 한국과 AI 동맹 넓힌다",https://n.news.naver.com/mnews/article/005/0001877414?sid=101,인공지능(AI) <b>반도체</b> 시장에서 엔비디아의 최대 대항마로 꼽히는 AMD의 리사 수 최고경영자(CEO)가 7개월... SK하이닉스의 <b>반도체</b> 수장들과도 회동하며 ‘K칩’과의 전방위 협력 강화에 나섰다. 엔비디아 ‘쿠다(CUDA)... ,"Thu, 08 Oct 2026 00:20:00 +0900"
2026-10-07 18:51:19,외인·기관 털어도 개미가 받쳤다…삼성전자 2%대 반등,https://www.cbci.co.kr/news/articleView.html?idxno=613158,"필라델피아 <b>반도체</b> 지수도 0.34% 상승했다. 그러나 인공지능(AI) <b>반도체</b> 대형주에 매수세가 집중된 가운데, 마이크론(-1.73%), 샌디스크(-2.56%) 등 메모리 <b>반도체</b>와 스토리지 종목은 약세를 보였다. SK하이닉스... ","Thu, 08 Oct 2026 00:16:00 +0900"
2026-10-07 18:51:19,[사설] 녹색대전환에 10년간 1000조…명분에 쫓겨선 안 돼,https://n.news.naver.com/mnews/article/015/0005340336?sid=110,<b>반도체</b> 클러스터 조성과 AI 데이터센터 증설 등 첨단 산업이 요구하는 전력 수요를 안정적으로 감당할 현실적 대안은 사실상 원전뿐이다. 원전과 신재생에너지가 상호 보완하는 합리적인 에너지믹스를 구축해야 한다.... ,"Thu, 08 Oct 2026 00:14:00 +0900"
2026-10-07 18:51:19,광주특별시의회 출범 100일…첫 행감·예산심사 '시험대',http://www.gjdream.com/news/articleView.html?idxno=673277,"글로벌 <b>반도체</b> 전략투자 지원에 관한 조례'가 처리됐다. 조례는 전원 찬성으로 의결됐다. 국립의과대학 설립과 공공기관 지방이전, 국비 확보 문제에도 의회 차원의 대응이 이어졌다. <b>반도체</b>클러스터와 기본사회 관련... ","Thu, 08 Oct 2026 00:12:00 +0900"
2026-10-07 18:51:19,통합 100일 '갈등 관리' 과제…민형배 시장 '조정자' 시험대,http://www.gjdream.com/news/articleView.html?idxno=673273,"민 시장과 인수위원회가 <b>반도체</b>와 인공지능(AI), 균형발전 등 통합특별시의 비전과 여러 사업을 제시했지만... 출범 이후 <b>반도체</b>와 AI, RE100 산단 등 대형 사업이 추진되고 있는 가운데 민선 9기 자체 정책과 성과도 구체화할... ","Thu, 08 Oct 2026 00:12:00 +0900"
2026-10-07 18:51:19,호남 <b>반도체</b> 딴지 거는 ‘국힘’ 국익 정당 맞나,http://www.kwangju.co.kr/article.php?aid=1791385800804055074,광주 군 공항 부지에 삼성전자와 SK하이닉스의 <b>반도체</b> 팹(생산 공장) 4기를 건설하는 이른바 호남권 <b>반도체</b> 클러스터 조성 사업을 바라보는 타 지역 시선이 곱지 않은 것이 사실이다. 호남권 <b>반도체</b> 클러스터는 이재명... ,"Thu, 08 Oct 2026 00:12:00 +0900"
2026-10-07 18:51:19,골드만삭스 &quot;삼성전자 8일 요동친다&quot;…매도 악재 3개 겹쳐,https://www.cbci.co.kr/news/articleView.html?idxno=613148,"<b>반도체</b> ETF 7종이 총 19조원 규모로 같은 날 리밸런싱에 나서면서, 삼성전자 ETF 내 편입 비중이 상한선에... 이에 따라 삼성전자를 제외한 자금 일부는 SK하이닉스, SK스퀘어, 이수페타시스, 원익IPS, 한미<b>반도체</b> 등 다른... ","Thu, 08 Oct 2026 00:06:00 +0900"
